client_id,sample_count,normal_count,failure_count,failure_rate,type_L_count,type_M_count,type_H_count,type_L_rate,type_M_rate,type_H_rate,air_temperature_mean,process_temperature_mean,rotational_speed_mean,torque_mean,tool_wear_mean,TWF_count,HDF_count,PWF_count,OSF_count,RNF_count
client_1,1742,1702,40,0.022962,1510,192,40,0.86682,0.110218,0.022962,299.95155,310.000057,1536.599311,40.032204,104.450631,4,17,9,10,6
client_2,1653,1604,49,0.029643,1237,335,81,0.748336,0.202662,0.049002,300.057108,310.018633,1542.493043,39.824561,106.698125,4,18,14,15,3
client_3,1601,1545,56,0.034978,963,479,159,0.601499,0.299188,0.099313,300.05534,310.009494,1546.292317,39.549094,109.309182,9,18,18,18,4
client_4,1552,1488,64,0.041237,687,624,241,0.442655,0.402062,0.155284,299.962951,309.99607,1536.902062,40.16759,109.099871,12,18,21,20,4
client_5,1452,1390,62,0.0427,403,767,282,0.277548,0.528237,0.194215,299.998278,310.011433,1536.123278,40.150551,108.9573,10,23,16,14,1
